Fecha,Hora,Pasos
2026.09.16 00:00:00,00:00:00,11
2026.09.16 07:30:00,07:30:00,13
2026.09.16 07:40:00,07:40:00,44
2026.09.16 07:50:00,07:50:00,5
2026.09.16 07:58:23,07:58:23,9
2026.09.16 07:58:41,07:58:41,28
2026.09.16 08:00:00,08:00:00,704
2026.09.16 08:01:54,08:01:54,596
2026.09.16 08:08:26,08:08:26,577
2026.09.16 08:10:00,08:10:00,1052
2026.09.16 08:13:29,08:13:29,226
2026.09.16 08:15:43,08:15:43,380
2026.09.16 08:19:34,08:19:34,491
2026.09.16 08:20:00,08:20:00,1020
2026.09.16 08:24:20,08:24:20,473
2026.09.16 08:28:57,08:28:57,352
2026.09.16 08:30:00,08:30:00,1059
2026.09.16 08:32:24,08:32:24,124
2026.09.16 08:33:40,08:33:40,337
2026.09.16 08:36:40,08:36:40,354
2026.09.16 08:39:56,08:39:56,190
2026.09.16 08:40:00,08:40:00,1004
2026.09.16 08:41:41,08:41:41,383
2026.09.16 08:45:09,08:45:09,87
2026.09.16 08:46:23,08:46:23,147
2026.09.16 08:48:18,08:48:18,366
2026.09.16 08:50:00,08:50:00,1093
2026.09.16 08:51:35,08:51:35,355
2026.09.16 08:54:48,08:54:48,370
2026.09.16 08:58:06,08:58:06,463
2026.09.16 09:00:00,09:00:00,215
2026.09.16 09:02:18,09:02:18,241
2026.09.16 09:04:25,09:04:25,197
2026.09.16 09:06:14,09:06:14,104
2026.09.16 09:07:14,09:07:14,300
2026.09.16 09:10:00,09:10:00,1085
2026.09.16 09:10:01,09:10:01,235
2026.09.16 09:12:07,09:12:07,103
2026.09.16 09:13:07,09:13:07,107
2026.09.16 09:14:07,09:14:07,182
2026.09.16 09:15:45,09:15:45,206
2026.09.16 09:17:43,09:17:43,445
2026.09.16 09:20:00,09:20:00,1100
2026.09.16 09:21:40,09:21:40,249
2026.09.16 09:23:53,09:23:53,92
2026.09.16 09:24:53,09:24:53,209
2026.09.16 09:26:48,09:26:48,265
2026.09.16 09:29:10,09:29:10,107
2026.09.16 09:30:00,09:30:00,927
2026.09.16 09:30:10,09:30:10,144
2026.09.16 09:31:30,09:31:30,113
2026.09.16 09:32:30,09:32:30,111
2026.09.16 09:33:30,09:33:30,153
2026.09.16 09:34:55,09:34:55,40
2026.09.16 09:36:14,09:36:14,223
2026.09.16 09:38:41,09:38:41,103
2026.09.16 09:39:41,09:39:41,200
2026.09.16 09:40:00,09:40:00,1040
2026.09.16 09:41:34,09:41:34,370
2026.09.16 09:45:00,09:45:00,214
2026.09.16 09:46:57,09:46:57,268
2026.09.16 09:49:34,09:49:34,95
2026.09.16 09:50:00,09:50:00,1035
2026.09.16 09:50:34,09:50:34,123
2026.09.16 09:51:45,09:51:45,106
2026.09.16 09:52:45,09:52:45,215
2026.09.16 09:54:54,09:54:54,427
2026.09.16 09:58:47,09:58:47,239
2026.09.16 10:00:00,10:00:00,988
2026.09.16 10:01:06,10:01:06,243
2026.09.16 10:03:33,10:03:33,341
2026.09.16 10:06:54,10:06:54,146
2026.09.16 10:08:26,10:08:26,97
2026.09.16 10:09:26,10:09:26,106
2026.09.16 10:10:00,10:10:00,1027
2026.09.16 10:10:26,10:10:26,86
2026.09.16 10:11:26,10:11:26,106
2026.09.16 10:12:26,10:12:26,106
2026.09.16 10:13:26,10:13:26,143
2026.09.16 10:14:46,10:14:46,214
2026.09.16 10:16:58,10:16:58,149
2026.09.16 10:18:18,10:18:18,131
2026.09.16 10:19:30,10:19:30,184
2026.09.16 10:20:00,10:20:00,423
2026.09.16 10:21:11,10:21:11,180
2026.09.16 10:22:52,10:22:52,103
2026.09.16 10:23:53,10:23:53,159
2026.09.16 10:25:20,10:25:20,142
2026.09.16 10:26:33,10:26:33,279
2026.09.16 10:29:09,10:29:09,293
2026.09.16 10:30:00,10:30:00,1048
2026.09.16 10:31:55,10:31:55,338
2026.09.16 10:34:57,10:34:57,393
2026.09.16 10:38:39,10:38:39,105
2026.09.16 10:39:42,10:39:42,292
2026.09.16 10:40:00,10:40:00,1091
2026.09.16 10:42:23,10:42:23,312
2026.09.16 10:45:07,10:45:07,234
2026.09.16 10:47:07,10:47:07,191
2026.09.16 10:49:03,10:49:03,376
2026.09.16 10:50:00,10:50:00,988
2026.09.16 10:52:25,10:52:25,108
2026.09.16 10:53:25,10:53:25,115
2026.09.16 10:54:26,10:54:26,119
2026.09.16 10:55:27,10:55:27,115
2026.09.16 10:56:27,10:56:27,111
2026.09.16 10:57:27,10:57:27,108
2026.09.16 10:58:27,10:58:27,112
2026.09.16 10:59:27,10:59:27,117
2026.09.16 11:00:00,11:00:00,1149
2026.09.16 11:00:27,11:00:27,118
2026.09.16 11:01:27,11:01:27,116
2026.09.16 11:02:27,11:02:27,113
2026.09.16 11:03:27,11:03:27,113
2026.09.16 11:04:27,11:04:27,106
2026.09.16 11:05:27,11:05:27,115
2026.09.16 11:06:27,11:06:27,118
2026.09.16 11:07:27,11:07:27,119
2026.09.16 11:08:27,11:08:27,117
2026.09.16 11:09:27,11:09:27,113
2026.09.16 11:10:00,11:10:00,934
2026.09.16 11:10:27,11:10:27,100
2026.09.16 11:11:21,11:11:21,52
2026.09.16 11:12:27,11:12:27,53
2026.09.16 11:13:27,11:13:27,110
2026.09.16 11:14:27,11:14:27,72
2026.09.16 11:15:27,11:15:27,111
2026.09.16 11:16:27,11:16:27,99
2026.09.16 11:17:19,11:17:19,119
2026.09.16 11:18:27,11:18:27,107
2026.09.16 11:19:34,11:19:34,134
2026.09.16 11:20:00,11:20:00,1135
2026.09.16 11:20:44,11:20:44,143
2026.09.16 11:21:57,11:21:57,116
2026.09.16 11:22:58,11:22:58,114
2026.09.16 11:23:58,11:23:58,115
2026.09.16 11:24:58,11:24:58,113
2026.09.16 11:25:57,11:25:57,113
2026.09.16 11:26:57,11:26:57,109
2026.09.16 11:27:57,11:27:57,115
2026.09.16 11:28:58,11:28:58,115
2026.09.16 11:29:58,11:29:58,104
2026.09.16 11:30:00,11:30:00,482
2026.09.16 11:30:58,11:30:58,83
2026.09.16 11:31:52,11:31:52,94
2026.09.16 11:32:58,11:32:58,100
2026.09.16 11:33:57,11:33:57,50
2026.09.16 11:34:29,11:34:29,31
2026.09.16 11:38:07,11:38:07,7
2026.09.16 11:38:21,11:38:21,23
2026.09.16 11:40:00,11:40:00,25
2026.09.16 11:50:00,11:50:00,89
2026.09.16 12:00:00,12:00:00,151
2026.09.16 12:03:36,12:03:36,7
2026.09.16 12:03:50,12:03:50,99
2026.09.16 12:04:49,12:04:49,105
2026.09.16 12:05:49,12:05:49,101
2026.09.16 12:06:49,12:06:49,105
2026.09.16 12:07:49,12:07:49,108
2026.09.16 12:08:49,12:08:49,109
2026.09.16 12:09:50,12:09:50,111
2026.09.16 12:10:00,12:10:00,1016
2026.09.16 12:10:49,12:10:49,115
2026.09.16 12:11:49,12:11:49,109
2026.09.16 12:12:49,12:12:49,110
2026.09.16 12:13:50,12:13:50,79
2026.09.16 12:14:48,12:14:48,92
2026.09.16 12:15:49,12:15:49,100
2026.09.16 12:16:50,12:16:50,102
2026.09.16 12:17:49,12:17:49,105
2026.09.16 12:18:50,12:18:50,104
2026.09.16 12:19:49,12:19:49,107
2026.09.16 12:20:00,12:20:00,1124
2026.09.16 12:20:50,12:20:50,111
2026.09.16 12:21:50,12:21:50,114
2026.09.16 12:22:50,12:22:50,115
2026.09.16 12:23:50,12:23:50,117
2026.09.16 12:24:50,12:24:50,116
2026.09.16 12:25:50,12:25:50,123
2026.09.16 12:26:50,12:26:50,110
2026.09.16 12:27:50,12:27:50,109
2026.09.16 12:28:50,12:28:50,116
2026.09.16 12:29:50,12:29:50,118
2026.09.16 12:30:00,12:30:00,880
2026.09.16 12:30:50,12:30:50,104
2026.09.16 12:31:50,12:31:50,89
2026.09.16 12:32:52,12:32:52,12
2026.09.16 12:33:02,12:33:02,40
2026.09.16 12:34:32,12:34:32,86
2026.09.16 12:35:54,12:35:54,110
2026.09.16 12:36:54,12:36:54,332
2026.09.16 12:39:52,12:39:52,108
2026.09.16 12:40:00,12:40:00,995
2026.09.16 12:40:52,12:40:52,107
2026.09.16 12:41:52,12:41:52,102
2026.09.16 12:42:51,12:42:51,236
2026.09.16 12:45:24,12:45:24,96
2026.09.16 12:46:25,12:46:25,147
2026.09.16 12:47:50,12:47:50,242
2026.09.16 12:50:00,12:50:00,854
2026.09.16 12:50:02,12:50:02,301
2026.09.16 12:52:44,12:52:44,111
2026.09.16 12:53:44,12:53:44,110
2026.09.16 12:54:44,12:54:44,121
2026.09.16 12:55:50,12:55:50,51
2026.09.16 12:56:19,12:56:19,93
2026.09.16 12:58:18,12:58:18,120
2026.09.16 12:59:23,12:59:23,203
2026.09.16 13:00:00,13:00:00,401
2026.09.16 13:01:18,13:01:18,194
2026.09.16 13:03:16,13:03:16,113
2026.09.16 13:04:16,13:04:16,112
2026.09.16 13:05:16,13:05:16,114
2026.09.16 13:06:16,13:06:16,284
2026.09.16 13:08:50,13:08:50,181
2026.09.16 13:10:00,13:10:00,247
2026.09.16 13:18:16,13:18:16,8
2026.09.16 13:18:32,13:18:32,316
2026.09.16 13:20:00,13:20:00,1307
2026.09.16 13:21:04,13:21:04,159
2026.09.16 13:22:17,13:22:17,125
2026.09.16 13:23:17,13:23:17,120
2026.09.16 13:24:16,13:24:16,123
2026.09.16 13:25:17,13:25:17,121
2026.09.16 13:26:17,13:26:17,149
2026.09.16 13:27:34,13:27:34,233
2026.09.16 13:29:42,13:29:42,110
2026.09.16 13:30:00,13:30:00,755
2026.09.16 13:30:42,13:30:42,110
2026.09.16 13:31:42,13:31:42,115
2026.09.16 13:32:42,13:32:42,112
2026.09.16 13:33:42,13:33:42,91
2026.09.16 13:34:42,13:34:42,105
2026.09.16 13:35:42,13:35:42,75
2026.09.16 13:38:26,13:38:26,119
2026.09.16 13:39:33,13:39:33,104
2026.09.16 13:40:00,13:40:00,1050
2026.09.16 13:40:32,13:40:32,110
2026.09.16 13:41:33,13:41:33,145
2026.09.16 13:42:50,13:42:50,109
2026.09.16 13:43:50,13:43:50,109
2026.09.16 13:44:50,13:44:50,111
2026.09.16 13:45:50,13:45:50,95
2026.09.16 13:46:50,13:46:50,186
2026.09.16 13:48:45,13:48:45,104
2026.09.16 13:49:45,13:49:45,107
2026.09.16 13:50:00,13:50:00,172
2026.09.16 13:50:45,13:50:45,85
2026.09.16 13:58:18,13:58:18,8
2026.09.16 14:02:32,14:02:32,6
2026.09.16 14:10:00,14:10:00,10
2026.09.16 14:20:00,14:20:00,63
2026.09.16 14:30:00,14:30:00,26
2026.09.16 14:40:00,14:40:00,231
2026.09.16 14:46:05,14:46:05,7
2026.09.16 14:46:19,14:46:19,136
2026.09.16 14:48:51,14:48:51,152
2026.09.16 14:50:00,14:50:00,102
2026.09.16 14:50:17,14:50:17,76
2026.09.16 15:30:00,15:30:00,292
2026.09.16 15:32:11,15:32:11,8
2026.09.16 15:32:27,15:32:27,105
2026.09.16 15:35:21,15:35:21,180
2026.09.16 15:37:17,15:37:17,8
2026.09.16 15:40:00,15:40:00,37
2026.09.16 15:40:02,15:40:02,9
2026.09.16 16:20:00,16:20:00,15
2026.09.16 16:30:00,16:30:00,10
2026.09.16 16:37:00,16:37:00,12
2026.09.16 16:37:24,16:37:24,5
2026.09.16 16:53:50,16:53:50,7
2026.09.16 17:25:14,17:25:14,6
2026.09.16 18:50:00,18:50:00,6
2026.09.16 19:30:00,19:30:00,145
2026.09.16 19:30:40,19:30:40,7
2026.09.16 19:30:54,19:30:54,2
2026.09.16 19:30:55,19:30:55,151
2026.09.16 19:37:37,19:37:37,15
2026.09.16 19:38:07,19:38:07,47
2026.09.16 19:40:00,19:40:00,632
2026.09.16 19:41:41,19:41:41,189
2026.09.16 19:43:35,19:43:35,134
2026.09.16 19:44:50,19:44:50,107
2026.09.16 19:45:50,19:45:50,99
2026.09.16 19:46:50,19:46:50,73
2026.09.16 19:50:00,19:50:00,195
2026.09.16 19:54:27,19:54:27,7
2026.09.16 19:54:41,19:54:41,3
2026.09.16 19:54:43,19:54:43,92
2026.09.16 19:58:21,19:58:21,117
2026.09.16 20:00:00,20:00:00,22
2026.09.16 20:00:53,20:00:53,9
2026.09.16 20:01:33,20:01:33,8
2026.09.16 20:02:49,20:02:49,27
2026.09.16 20:04:04,20:04:04,54
2026.09.16 20:06:14,20:06:14,54
2026.09.16 20:09:34,20:09:34,60
2026.09.16 20:10:00,20:10:00,618
2026.09.16 20:10:35,20:10:35,72
2026.09.16 20:11:34,20:11:34,50
2026.09.16 20:12:09,20:12:09,9
2026.09.16 20:12:54,20:12:54,18
2026.09.16 20:14:35,20:14:35,138
2026.09.16 20:16:01,20:16:01,96
2026.09.16 20:17:01,20:17:01,85
2026.09.16 20:18:01,20:18:01,87
2026.09.16 20:19:01,20:19:01,20
2026.09.16 20:20:00,20:20:00,162
2026.09.16 20:21:06,20:21:06,7
2026.09.16 20:21:20,20:21:20,11
2026.09.16 20:23:29,20:23:29,8
2026.09.16 20:23:45,20:23:45,3
2026.09.16 20:26:48,20:26:48,7
2026.09.16 20:27:02,20:27:02,64
2026.09.16 20:28:02,20:28:02,52
2026.09.16 20:29:02,20:29:02,59
2026.09.16 20:30:00,20:30:00,648
2026.09.16 20:30:01,20:30:01,91
2026.09.16 20:31:02,20:31:02,100
2026.09.16 20:32:01,20:32:01,107
2026.09.16 20:33:02,20:33:02,104
2026.09.16 20:34:02,20:34:02,111
2026.09.16 20:35:14,20:35:14,58
2026.09.16 20:36:31,20:36:31,9
2026.09.16 20:38:46,20:38:46,7
2026.09.16 20:39:00,20:39:00,1
2026.09.16 20:42:32,20:42:32,7
2026.09.16 20:42:46,20:42:46,9
2026.09.16 20:43:18,20:43:18,6
2026.09.16 20:50:00,20:50:00,8
2026.09.16 21:22:50,21:22:50,7
2026.09.16 21:35:36,21:35:36,6
2026.09.16 21:35:48,21:35:48,7
